<?xml version="1.0" encoding="UTF-8" ?>
<XMLDB PATH="mod/unilabel/type/collapsedtext/db" VERSION="20251012" COMMENT="XMLDB file for Moodle mod/unilabel/type/collapsedtext"
    xmlns:xsi="http://www.w3.org/2001/XMLSchema-instance"
    xsi:noNamespaceSchemaLocation="../../../../../lib/xmldb/xmldb.xsd"
>
  <TABLES>
    <TABLE NAME="unilabeltype_collapsedtext" COMMENT="Default comment for unilabeltype_collapsedtext, please edit me">
      <FIELDS>
        <FIELD NAME="id" TYPE="int" LENGTH="10" NOTNULL="true" SEQUENCE="true"/>
        <FIELD NAME="unilabelid" TYPE="int" LENGTH="10" NOTNULL="false" SEQUENCE="false"/>
        <FIELD NAME="presentation" TYPE="char" LENGTH="255" NOTNULL="false" SEQUENCE="false"/>
        <FIELD NAME="useanimation" TYPE="int" LENGTH="10" NOTNULL="false" SEQUENCE="false"/>
        <FIELD NAME="applytextfilters" TYPE="int" LENGTH="1" NOTNULL="false" SEQUENCE="false"/>
      </FIELDS>
      <KEYS>
        <KEY NAME="primary" TYPE="primary" FIELDS="id"/>
        <KEY NAME="unilabelid" TYPE="foreign-unique" FIELDS="unilabelid" REFTABLE="unilabel" REFFIELDS="id"/>
      </KEYS>
    </TABLE>
  </TABLES>
</XMLDB>
