<?xml version="1.0" encoding="UTF-8" ?>
<XMLDB PATH="blocks/sharing_cart/db" VERSION="2024111302" COMMENT="XMLDB file for Moodle sharing cart"
       xmlns:xsi="http://www.w3.org/2001/XMLSchema-instance"
       xsi:noNamespaceSchemaLocation="../../../lib/xmldb/xmldb.xsd"
>
    <TABLES>
        <TABLE NAME="block_sharing_cart_items" COMMENT="Table to store cart items">
            <FIELDS>
                <FIELD NAME="id" TYPE="int" LENGTH="10" NOTNULL="true" UNSIGNED="true" SEQUENCE="true"/>
                <FIELD NAME="user_id" TYPE="int" LENGTH="10" NOTNULL="true" UNSIGNED="true" SEQUENCE="false"/>
                <FIELD NAME="file_id" TYPE="int" LENGTH="10" NOTNULL="false" UNSIGNED="true" SEQUENCE="false"/>
                <FIELD NAME="parent_item_id" TYPE="int" LENGTH="10" NOTNULL="false" UNSIGNED="true" SEQUENCE="false"/>
                <FIELD NAME="old_instance_id" TYPE="int" LENGTH="10" NOTNULL="true" UNSIGNED="true" SEQUENCE="false"/>
                <FIELD NAME="type" TYPE="char" LENGTH="255" NOTNULL="true" SEQUENCE="false"/>
                <FIELD NAME="name" TYPE="char" LENGTH="255" NOTNULL="true" SEQUENCE="false"/>
                <FIELD NAME="status" TYPE="int" LENGTH="10" NOTNULL="true" UNSIGNED="true" SEQUENCE="false"/>
                <FIELD NAME="sortorder" TYPE="int" LENGTH="10" NOTNULL="false" UNSIGNED="true" SEQUENCE="false"/>
                <FIELD NAME="original_course_fullname" TYPE="char" LENGTH="255" NOTNULL="false" SEQUENCE="false"/>
                <FIELD NAME="version" TYPE="int" LENGTH="10" NOTNULL="true" UNSIGNED="true" SEQUENCE="false"/>
                <FIELD NAME="timecreated" TYPE="int" LENGTH="10" NOTNULL="true" SEQUENCE="false"/>
                <FIELD NAME="timemodified" TYPE="int" LENGTH="10" NOTNULL="true" SEQUENCE="false"/>
            </FIELDS>
            <KEYS>
                <KEY NAME="primary" TYPE="primary" FIELDS="id"/>
            </KEYS>
            <INDEXES>
                <INDEX NAME="user_id" UNIQUE="false" FIELDS="user_id"/>
                <INDEX NAME="file_id" UNIQUE="true" FIELDS="file_id"/>
                <INDEX NAME="parent_item_id" UNIQUE="false" FIELDS="parent_item_id"/>
                <INDEX NAME="type" UNIQUE="false" FIELDS="type"/>
                <INDEX NAME="status" UNIQUE="false" FIELDS="status"/>
                <INDEX NAME="version" UNIQUE="false" FIELDS="version"/>
            </INDEXES>
        </TABLE>
    </TABLES>
</XMLDB>
